"BPL","CDLX","VFF","YELP","PBYI","TRXC"
40.96,21.5068741726427,13.21,32.29,16.2190016421935,1.25878602153597
40.96,21.5270464586848,13.21,32.29,16.2031415756171,1.25937158659287
40.96,21.5299108275409,13.21,32.29,16.1969070259257,1.25908913806019
40.96,21.5303904554934,13.21,32.29,16.1962404393489,1.25922537770201
40.96,21.5304649344525,13.21,32.29,16.1963997381457,1.25915966222519
